id,name,credits,difficulty,prereqs,school_semester
LLCT130105,Triết học Mác – Lênin,3,2,,1
LLCT120205,Kinh tế chính trị Mác – Lênin,2,2,LLCT130105,1
LLCT120405,Chủ nghĩa xã hội khoa học,2,2,LLCT130105;LLCT120205,2
LLCT120314,Tư tưởng Hồ Chí Minh,2,2,LLCT130105;LLCT120205,2
LLCT220514,Lịch sử Đảng CSVN,2,2,LLCT130105;LLCT120205;LLCT120405;LLCT120314,3
GELA220405,Pháp luật đại cương,2,1,,2
ENCS330537,Tiếng Anh chuyên ngành Khoa học Máy tính,3,2,,4
MATH132401,Toán 1,3,4,,1
MATH132501,Toán 2,3,4,,2
MATH143001,Đại số và cấu trúc đại số,4,4,,1
MATH132901,Xác suất thống kê ứng dụng,3,3,,2
PHYS130902,Vật lý 1,3,3,,1
PHYS111202,Thí nghiệm vật lý 1,1,1,,2
EEEN234162,Điện tử căn bản,3,3,,2
PRBE214262,Thực tập điện tử căn bản,1,1,,3
INIT130185,Nhập môn ngành CNTT,3,1,,1
INPR140285,Nhập môn lập trình,4,3,,1
PRTE230385,Kỹ thuật lập trình,3,3,,2
INLO220405,Nhập môn Logic học (ĐC tự chọn),2,2,,3
PLSK120290,Kỹ năng xây dựng kế hoạch (ĐC tự chọn),2,1,,3
DIGR240485,Toán rời rạc và lý thuyết đồ thị,4,5,INPR140285,2
DASA230179,Cấu trúc dữ liệu và giải thuật,3,4,PRTE230385,3
OOPR230279,Lập trình hướng đối tượng,3,3,PRTE230385,3
WIPR230579,Lập trình trên Windows,3,3,OOPR230279,4
INSE330380,An toàn thông tin,3,3,INPR140285;NEES330380;DBSY240184,4
WEPR330479,Lập trình Web,3,3,DASA230179;DBSY240184;OOPR230279,5
SOEN330679,Công nghệ phần mềm,3,2,DBSY240184;OOPR230279,5
CAAL230180,Kiến trúc máy tính và hợp ngữ,3,4,EEEN234162,3
OPSY330280,Hệ điều hành,3,4,CAAL230180;PRTE230385,4
NEES330380,Mạng máy tính căn bản,3,2,,3
DBSY240184,Cơ sở dữ liệu,4,3,DASA230179,4
DBMS330284,Hệ quản trị cơ sở dữ liệu,3,3,DBSY240184;WIPR230579,5
ARIN330585,Trí tuệ nhân tạo,3,3,DIGR240485;DASA230179,4
IPPA233277,Lập trình Python,3,2,,3
INOT231780,Vạn vật kết nối (IoT),3,2,,4
MALE431984,Học máy,3,4,PRTE230385,5
DIPR430685,Xử lý ảnh số (tự chọn ngành),3,3,DASA230179,5
SPPR330885,Xử lý tiếng nói (tự chọn ngành),3,3,ARIN330585,5
FOIT331380,Lý thuyết thông tin (tự chọn ngành),3,4,MATH132501;MATH132901,5
MAAI330985,Toán cho trí tuệ nhân tạo,3,4,,6
INDS331085,Nhập môn Khoa học dữ liệu,3,3,,6
MOPR331279,Lập trình di động,3,3,,6
BDPR431385,Xử lý dữ liệu lớn,3,3,,6
NLPR431585,Xử lý ngôn ngữ tự nhiên (tự chọn CN),3,4,,6
RELE431685,Học tăng cường (tự chọn CN),3,4,,6
ITIN421085,Thực tập tốt nghiệp (CNTT),2,1,,7
ITEN420885,Chuyên đề doanh nghiệp (CNTT),2,1,,7
POAI451485,Tiểu luận chuyên ngành TTNT,5,3,,7
DLEA432085,Học sâu,3,4,,8
GRPR401979,Khóa luận tốt nghiệp,10,5,,8
